{"index":{"0":0,"1":1,"2":2,"3":3,"4":4,"5":5,"6":6,"7":7},"Fuel":{"0":"Nuclear","1":"CSP","2":"Coal","3":"Biopower","4":"Natural Gas","5":"Geothermal","6":"PV","7":"Wind"},"Water gal\/MWh":{"0":536.3333333333,"1":531.2142857143,"2":462.7321428571,"3":438.875,"4":321.1,"5":232.8888888889,"6":2.0,"7":0.0}}