Fuel,Water gal/MWh
Nuclear,536.3333333333334
CSP,531.2142857142857
Coal,462.73214285714283
Biopower,438.875
Natural Gas,321.1
Geothermal,232.88888888888889
PV,2.0
Wind,0.0
